<?xml version="1.0" encoding="UTF-8"?>
<!DOCTYPE hibernate-configuration PUBLIC
		"-//Hibernate/Hibernate Configuration DTD 3.0//EN"
		"http://www.hibernate.org/dtd/hibernate-configuration-3.0.dtd">
<hibernate-configuration>
    <session-factory>
        <property name="hibernate.connection.driver_class">com.mysql.jdbc.Driver</property>
        <property name="hibernate.connection.password">Password@12345</property>
        <property name="hibernate.connection.url">jdbc:mysql://localhost:3306/sms</property>
        <property name="hibernate.connection.username">root</property>
        <property name="hibernate.dialect">org.hibernate.dialect.MySQL8Dialect</property>
        <property name="show_sql">true</property>
        
        
        <property name="hbm2ddl.auto">create</property>
        <mapping class="com.day1.Inheritance.Employees.EmployeeData"/>
        <mapping class="com.day1.Inheritance.Employees.RegularEmp"/>
        <mapping class="com.day1.Inheritance.Employees.ContractEmp"/>
        
    
    </session-factory>
</hibernate-configuration>
