{
  "bugs": [
    {
      "id": 0,
      "name": "Missing Save Button",
      "description": "The Save button is missing from the Add New Bug form.",
      "identifiedBy": "John Doe",
      "resolvedBy": null
    },
    {
      "id": "2830",
      "name": "New Bug",
      "description": "Bug is creted by update.",
      "identifiedBy": "developer 1"
    },
    {
      "id": "b150",
      "name": "Minnor Bug",
      "description": "Bug identified as in the latest version of the app",
      "identifiedBy": "Developer 2"
    }
  ]
}