{
  "employee": [
    {
      "cd": "12458",
      "name": "Senathipathi",
      "batch": "1",
      "ph": "10",
      "pw": "60",
      "id": "6897"
    },
    {
      "id": "0e45",
      "cd": "78456",
      "name": "Valan",
      "batch": "1",
      "ph": "8",
      "pw": "48",
      "active": true
    },
    {
      "id": "2a0d",
      "cd": "96258",
      "name": "Logesh",
      "batch": "2",
      "ph": "8",
      "pw": "48",
      "active": true
    },
    {
      "id": "5611",
      "cd": "78963",
      "name": "Gowtham",
      "batch": "3",
      "ph": "8",
      "pw": "48",
      "active": true
    },
    {
      "id": "b31a",
      "cd": "45789",
      "name": "Munish",
      "batch": "2",
      "ph": "8",
      "pw": "48",
      "active": true
    },
    {
      "id": "7f37",
      "cd": "36458",
      "name": "Anish",
      "batch": "4",
      "ph": "8",
      "pw": "48",
      "active": true
    },
    {
      "id": "cacb",
      "cd": "12120",
      "name": "Abishek K ",
      "batch": "3",
      "ph": "8",
      "pw": "48",
      "active": true
    }
  ]
}