<?xml version="1.0" encoding="UTF-8"?> 
<!DOCTYPE hibernate-configuration PUBLIC 
  "-//Hibernate/Hibernate Configuration DTD 3.0//EN" 
  "http://hibernate.sourceforge.net/hibernate-configuration-3.0.dtd">
<hibernate-configuration>
  <session-factory>
   
    <property name="connection.driver_class">com.mysql.jdbc.Driver</property> 
    <property name="connection.url">jdbc:mysql://localhost/spring_crud</property>
    <property name="dialect">org.hibernate.dialect.MySQL8Dialect</property>
    <property name="connection.username">root</property>
    <property name="connection.password">root</property>
    <property name="show_sql">true</property>
    
    <property name="hbm2ddl.auto">update</property>
   
    <mapping class="com.cms.bean.CoffeeShopManagementSystem" ></mapping>
  </session-factory>
</hibernate-configuration>