-- MySQL dump 10.13  Distrib 8.0.35, for Win64 (x86_64)
--
-- Host: localhost    Database: sample_db
-- ------------------------------------------------------
-- Server version	8.0.35

/*!40101 SET @OLD_CHARACTER_SET_CLIENT=@@CHARACTER_SET_CLIENT */;
/*!40101 SET @OLD_CHARACTER_SET_RESULTS=@@CHARACTER_SET_RESULTS */;
/*!40101 SET @OLD_COLLATION_CONNECTION=@@COLLATION_CONNECTION */;
/*!50503 SET NAMES utf8mb4 */;
/*!40103 SET @OLD_TIME_ZONE=@@TIME_ZONE */;
/*!40103 SET TIME_ZONE='+00:00' */;
/*!40014 SET @OLD_UNIQUE_CHECKS=@@UNIQUE_CHECKS, UNIQUE_CHECKS=0 */;
/*!40014 SET @OLD_FOREIGN_KEY_CHECKS=@@FOREIGN_KEY_CHECKS, FOREIGN_KEY_CHECKS=0 */;
/*!40101 SET @OLD_SQL_MODE=@@SQL_MODE, SQL_MODE='NO_AUTO_VALUE_ON_ZERO' */;
/*!40111 SET @OLD_SQL_NOTES=@@SQL_NOTES, SQL_NOTES=0 */;

--
-- Table structure for table `tbl_dept`
--

DROP TABLE IF EXISTS `tbl_dept`;
/*!40101 SET @saved_cs_client     = @@character_set_client */;
/*!50503 SET character_set_client = utf8mb4 */;
CREATE TABLE `tbl_dept` (
  `dept_id` int NOT NULL,
  `dept_name` varchar(30) DEFAULT NULL,
  `user_id` int DEFAULT NULL,
  PRIMARY KEY (`dept_id`)
) ENGINE=InnoDB DEFAULT CHARSET=utf8mb4 COLLATE=utf8mb4_0900_ai_ci;
/*!40101 SET character_set_client = @saved_cs_client */;

--
-- Dumping data for table `tbl_dept`
--

LOCK TABLES `tbl_dept` WRITE;
/*!40000 ALTER TABLE `tbl_dept` DISABLE KEYS */;
INSERT INTO `tbl_dept` VALUES (1,'UI,UX',1),(2,'Java',2),(3,'Cloud',3);
/*!40000 ALTER TABLE `tbl_dept` ENABLE KEYS */;
UNLOCK TABLES;

--
-- Table structure for table `tbl_emp`
--

DROP TABLE IF EXISTS `tbl_emp`;
/*!40101 SET @saved_cs_client     = @@character_set_client */;
/*!50503 SET character_set_client = utf8mb4 */;
CREATE TABLE `tbl_emp` (
  `emp_id` int NOT NULL AUTO_INCREMENT,
  `emp_name` varchar(20) NOT NULL,
  `emp_salary` int NOT NULL,
  `user_id` int DEFAULT NULL,
  PRIMARY KEY (`emp_id`)
) ENGINE=InnoDB AUTO_INCREMENT=10 DEFAULT CHARSET=utf8mb4 COLLATE=utf8mb4_0900_ai_ci;
/*!40101 SET character_set_client = @saved_cs_client */;

--
-- Dumping data for table `tbl_emp`
--

LOCK TABLES `tbl_emp` WRITE;
/*!40000 ALTER TABLE `tbl_emp` DISABLE KEYS */;
INSERT INTO `tbl_emp` VALUES (1,'sanjay khanna',14999,1),(2,'srinivansan',12000,2),(3,'vishnu',14999,3),(4,'surya',14999,4),(5,'abi',13999,4),(6,'prashanth',13000,5),(7,'sathiya',14999,6),(9,'jeeva',15000,7);
/*!40000 ALTER TABLE `tbl_emp` ENABLE KEYS */;
UNLOCK TABLES;

--
-- Table structure for table `tbl_user`
--

DROP TABLE IF EXISTS `tbl_user`;
/*!40101 SET @saved_cs_client     = @@character_set_client */;
/*!50503 SET character_set_client = utf8mb4 */;
CREATE TABLE `tbl_user` (
  `user_id` int NOT NULL,
  `user_name` varchar(20) NOT NULL,
  `user_age` int NOT NULL,
  `user_email` varchar(50) NOT NULL,
  `salary` int DEFAULT NULL,
  PRIMARY KEY (`user_id`)
) ENGINE=InnoDB DEFAULT CHARSET=utf8mb4 COLLATE=utf8mb4_0900_ai_ci;
/*!40101 SET character_set_client = @saved_cs_client */;

--
-- Dumping data for table `tbl_user`
--

LOCK TABLES `tbl_user` WRITE;
/*!40000 ALTER TABLE `tbl_user` DISABLE KEYS */;
INSERT INTO `tbl_user` VALUES (1,'sanjay',23,'sanjay@gmail.com',16500),(2,'abi',22,'abi@gmail.com',14300),(3,'vishnu',22,'vishnu@gmail.com',15400),(4,'sathiya',22,'sathiya@gmail.com',16499),(5,'srinivasan',23,'srinavasan@gmail.com',16500),(6,'jothi lingam',24,'jothi@gmail.com',16499);
/*!40000 ALTER TABLE `tbl_user` ENABLE KEYS */;
UNLOCK TABLES;
/*!40103 SET TIME_ZONE=@OLD_TIME_ZONE */;

/*!40101 SET SQL_MODE=@OLD_SQL_MODE */;
/*!40014 SET FOREIGN_KEY_CHECKS=@OLD_FOREIGN_KEY_CHECKS */;
/*!40014 SET UNIQUE_CHECKS=@OLD_UNIQUE_CHECKS */;
/*!40101 SET CHARACTER_SET_CLIENT=@OLD_CHARACTER_SET_CLIENT */;
/*!40101 SET CHARACTER_SET_RESULTS=@OLD_CHARACTER_SET_RESULTS */;
/*!40101 SET COLLATION_CONNECTION=@OLD_COLLATION_CONNECTION */;
/*!40111 SET SQL_NOTES=@OLD_SQL_NOTES */;

-- Dump completed on 2024-01-18 12:09:32
